visite theatralisee thermes,37240,event
visite theatralisee lutece,37240,event
visite thermes lutece,37240,event
theatralisee thermes lutece,37240,event
visite contee famille,37241,event
thermes antiques lutece galeries,37242,event
thermes antiques lutece souterraines,37242,event
thermes antiques lutece famille,37242,event
thermes antiques galeries souterraines,37242,event
thermes antiques galeries famille,37242,event
thermes antiques souterraines famille,37242,event
thermes lutece galeries souterraines,37242,event
thermes lutece galeries famille,37242,event
thermes lutece souterraines famille,37242,event
thermes galeries souterraines famille,37242,event
antiques lutece galeries souterraines,37242,event
antiques lutece galeries famille,37242,event
antiques lutece souterraines famille,37242,event
antiques galeries souterraines famille,37242,event
lutece galeries souterraines famille,37242,event
architectures metamorphoses d'un lieu,37246,event
architectures metamorphoses d'un famille,37246,event
architectures metamorphoses lieu famille,37246,event
architectures d'un lieu famille,37246,event
metamorphoses d'un lieu famille,37246,event
architectures metamorphoses d'un,37247,event
architectures metamorphoses lieu,37247,event
architectures d'un lieu,37247,event
metamorphoses d'un lieu,37247,event
pietro vesconte genes mappemondes,37250,event
pietro vesconte genes cartes,37250,event
pietro vesconte genes marines,37250,event
pietro vesconte genes debut,37250,event
pietro vesconte genes siecle,37250,event
pietro vesconte mappemondes cartes,37250,event
pietro vesconte mappemondes marines,37250,event
pietro vesconte mappemondes debut,37250,event
pietro vesconte mappemondes siecle,37250,event
pietro vesconte cartes marines,37250,event
pietro vesconte cartes debut,37250,event
pietro vesconte cartes siecle,37250,event
pietro vesconte marines debut,37250,event
pietro vesconte marines siecle,37250,event
pietro vesconte debut siecle,37250,event
pietro genes mappemondes cartes,37250,event
pietro genes mappemondes marines,37250,event
pietro genes mappemondes debut,37250,event
pietro genes mappemondes siecle,37250,event
pietro genes cartes marines,37250,event
pietro genes cartes debut,37250,event
pietro genes cartes siecle,37250,event
pietro genes marines debut,37250,event
pietro genes marines siecle,37250,event
pietro genes debut siecle,37250,event
pietro mappemondes cartes marines,37250,event
pietro mappemondes cartes debut,37250,event
pietro mappemondes cartes siecle,37250,event
pietro mappemondes marines debut,37250,event
pietro mappemondes marines siecle,37250,event
pietro mappemondes debut siecle,37250,event
pietro cartes marines debut,37250,event
pietro cartes marines siecle,37250,event
pietro cartes debut siecle,37250,event
pietro marines debut siecle,37250,event
vesconte genes mappemondes cartes,37250,event
vesconte genes mappemondes marines,37250,event
vesconte genes mappemondes debut,37250,event
vesconte genes mappemondes siecle,37250,event
vesconte genes cartes marines,37250,event
vesconte genes cartes debut,37250,event
vesconte genes cartes siecle,37250,event
vesconte genes marines debut,37250,event
vesconte genes marines siecle,37250,event
vesconte genes debut siecle,37250,event
vesconte mappemondes cartes marines,37250,event
vesconte mappemondes cartes debut,37250,event
vesconte mappemondes cartes siecle,37250,event
vesconte mappemondes marines debut,37250,event
vesconte mappemondes marines siecle,37250,event
vesconte mappemondes debut siecle,37250,event
vesconte cartes marines debut,37250,event
vesconte cartes marines siecle,37250,event
vesconte cartes debut siecle,37250,event
vesconte marines debut siecle,37250,event
genes mappemondes cartes marines,37250,event
genes mappemondes cartes debut,37250,event
genes mappemondes cartes siecle,37250,event
genes mappemondes marines debut,37250,event
genes mappemondes marines siecle,37250,event
genes mappemondes debut siecle,37250,event
genes cartes marines debut,37250,event
genes cartes marines siecle,37250,event
genes cartes debut siecle,37250,event
genes marines debut siecle,37250,event
mappemondes cartes marines debut,37250,event
mappemondes cartes marines siecle,37250,event
mappemondes cartes debut siecle,37250,event
mappemondes marines debut siecle,37250,event
cartes marines debut siecle,37250,event
jean fouquet heures d'etienne,37251,event
jean fouquet heures chevalier,37251,event
jean fouquet d'etienne chevalier,37251,event
jean heures d'etienne chevalier,37251,event
fouquet heures d'etienne chevalier,37251,event
presentation 'regards vie,37256,event
presentation 'regards quotidienne',37256,event
presentation vie quotidienne',37256,event
'regards vie quotidienne',37256,event
visites,8,theme
rencontres,23,theme
musiques,17,theme
expositions,1,theme
ateliers,3,theme
litteratures,55,theme
danses,16,theme
mysterieux coffrets famille,29255,event
visite theatralisee thermes lutece,37240,event
thermes antiques lutece galeries souterraines famille,37242,event
regards vie quotidienne,37243,event
hincmar reinvente l'histoire,37244,event
voix cathedrales,37245,event
architectures metamorphoses d'un lieu famille,37246,event
tresors collections,37248,event
l'heraldique,37249,event
pietro vesconte genes mappemondes cartes marines debut siecle,37250,event
jean fouquet heures d'etienne chevalier,37251,event
tresors collections famille,37253,event
nocturnes l'histoire,37254,event
presentation 'regards vie quotidienne',37256,event
collection permanente,29,theme
visite,8,theme
rencontre,23,theme
musique,17,theme
exposition,1,theme
atelier,3,theme
litterature,55,theme
danse,16,theme
